title,date,url
Guarding Sexual Purity,"November 20, 2025",https://newbreak.church/guarding-sexual-purity/
Choosing Kindness in a Cancel Culture,"November 10, 2025",https://newbreak.church/choosing-kindness-in-a-cancel-culture/
Creating a Faith-Filled Home in San Diego,"November 4, 2025",https://newbreak.church/creating-a-faith-filled-home-in-san-diego/
When Resistance Rises… Remember This!,"September 1, 2025",https://newbreak.church/when-resistance-rises-remember-this/
When a Burdened Heart Meets the Promises of God,"August 25, 2025",https://newbreak.church/when-a-burdened-heart-meets-the-promises-of-god/
The Day God Opened My Ears,"August 15, 2025",https://newbreak.church/the-day-god-opened-my-ears/
How to Access God’s Strength,"June 17, 2025",https://newbreak.church/how-to-access-gods-strength/
Meditation is the Key to a Flourishing Life,"June 11, 2025",https://newbreak.church/meditation-is-the-key-to-a-flourishing-life/
Women’s Leadership in the Church Isn’t Optional,"June 5, 2025",https://newbreak.church/womens-leadership-in-the-church-isnt-optional/
Modeling Christ for the Next Generation,"May 14, 2025",https://newbreak.church/modeling-christ-for-the-next-generation/
How to Honor God and Government,"May 6, 2025",https://newbreak.church/how-to-honor-god-and-government/
Slow Down to Hear Christ’s Voice: God Still Speaks!,"April 30, 2025",https://newbreak.church/voice-of-god/
You Are Under Construction,"June 10, 2024",https://newbreak.church/article-you-are-under-construction/
Jesus at the Center,"June 3, 2024",https://newbreak.church/article-jesus-at-the-center/
Let’s Grow,"May 27, 2024",https://newbreak.church/lets-grow/
Praying God-Sized Prayers,"May 20, 2024",https://newbreak.church/praying-god-sized-prayers/
The Ephesians Test,"May 9, 2024",https://newbreak.church/the-ephesians-test/
Finding Purpose in Your Pain,"April 17, 2024",https://newbreak.church/finding-purpose-in-your-pain/
The Gospel and Baseball,"April 9, 2024",https://newbreak.church/the-gospel-and-baseball/
Set Apart for a Purpose,"March 25, 2024",https://newbreak.church/set-apart-for-a-purpose/
When You’re Disconnecting from God,"March 18, 2024",https://newbreak.church/when-youre-disconnecting-from-god/
The church’s secret weapon.,"March 12, 2024",https://newbreak.church/the-churchs-secret-weapon/
Jesus Speaks Life Into The Dead Places,"March 4, 2024",https://newbreak.church/jesus-speaks-life-into-the-dead-places/
How to Listen for the Voice of Jesus,"February 26, 2024",https://newbreak.church/how-to-listen-for-the-voice-of-jesus/
God of Miracles,"February 14, 2024",https://newbreak.church/god-of-miracles/
Vision without Execution is Hallucination,"February 6, 2024",https://newbreak.church/vision-without-execution-is-hallucination/
Jesus Wants to Meet You,"January 29, 2024",https://newbreak.church/jesus-wants-to-meet-you/
What the Wind and the Holy Spirit Have in Common (and Why it Matters!),"January 22, 2024",https://newbreak.church/what-the-wind-and-the-holy-spirit-have-in-common-and-why-it-matters/
What do you do when your wine runs out?,"January 15, 2024",https://newbreak.church/what-do-you-do-when-your-wine-runs-out/
Who is Jesus?,"January 8, 2024",https://newbreak.church/who-is-jesus/
Holding onto God’s Promises,"January 1, 2024",https://newbreak.church/holding-onto-gods-promises/
The Serious Business of Heaven,"December 18, 2023",https://newbreak.church/the-serious-business-of-heaven/
Juggling Worry,"December 14, 2023",https://newbreak.church/juggling-worry/
An Announcement from Newbreak’s Board of Elders Regarding the Wachs’ Resignation,"November 30, 2023",https://newbreak.church/an-announcement-from-newbreaks-board-of-elders-regarding-the-wachs-resignation/
Robert Wachs’ Resignation,"November 29, 2023",https://newbreak.church/robert-wachs-resignation/
"“God, Just Tell Me What to Do Next!”","November 6, 2023",https://newbreak.church/holy-spirit-guidance/
Pregnancy Loss,"April 4, 2023",https://newbreak.church/pregnancy-loss/
"You Are Not Just Talented, You Are Spiritually Gifted","February 11, 2023",https://newbreak.church/spiritually-gifted/
A Lesson in Reading the “Commands” of Scripture,"January 14, 2023",https://newbreak.church/reading-commands/
Living with Purpose,"January 12, 2023",https://newbreak.church/living-with-purpose/
You Were Loved Into Existence,"January 7, 2023",https://newbreak.church/loved-into-existence/
Bible Verses to Ground Your Day in Gratitude,"November 19, 2022",https://newbreak.church/thanksgiving-verses/
"Be Busy, Not Hurried","November 12, 2022",https://newbreak.church/busy-not-hurried/
5 Things You Can Do TODAY to Improve Your Communication!,"October 22, 2022",https://newbreak.church/5-communication-tools/
How the Church is More Like an Amateur Children’s Play Than a Show on Broadway,"October 8, 2022",https://newbreak.church/messy-church/
What If You Never Understand Why You Went Through That Unbearably Painful Circumstance?,"September 24, 2022",https://newbreak.church/suffering-without-answers/
What If the Church Was a Family?,"September 3, 2022",https://newbreak.church/church-as-family/
What We Can Learn from the Liturgy of Seasons,"August 26, 2022",https://newbreak.church/liturgy-of-seasons/
Redeeming Our Regrets,"August 15, 2022",https://newbreak.church/regret/
Combatting Complacency So I Press On Toward All God Has For Me,"July 28, 2022",https://newbreak.church/combatting-complacency/
How to Pray a Blessing Over Your Kids,"July 9, 2022",https://newbreak.church/praying-blessing/
3 Ways to Express Affirmation to Others (But Especially Your Kids!),"June 18, 2022",https://newbreak.church/affirmation/
Who Do We Trust: Almighty God or the Almighty Dollar?,"June 6, 2022",https://newbreak.church/in-god-we-trust/
Uprooting the “Strongholds” in Our Mind,"May 19, 2022",https://newbreak.church/uprooting-strongholds/
What Gave the Israelites the Right to “Invade” Canaan?,"March 9, 2022",https://newbreak.church/israel-conquest/
How God’s Joy is Better Than Instant Gratification,"February 22, 2022",https://newbreak.church/lasting-joy/
Where Was Jesus Before the Gospels?,"February 8, 2022",https://newbreak.church/theophany/
Made For More Than Manna,"February 4, 2022",https://newbreak.church/manna/
Where Does Courage Come From?,"January 14, 2022",https://newbreak.church/courage/
The Gates of Hell or Hades? What’s the Difference?,"December 3, 2021",https://newbreak.church/gates-of-hades/
When We Look Like Our Heavenly Father,"October 16, 2021",https://newbreak.church/when-we-look-like-our-heavenly-father/
Newbreak Church is Committed to Tierrasanta,"September 14, 2021",https://newbreak.church/newbreak-church-is-committed-to-tierrasanta/
Happy Are the Unhappy,"September 10, 2021",https://newbreak.church/happy-are-the-unhappy/
The Hidden Surprise in the Story of Mary and Martha,"August 3, 2021",https://newbreak.church/cultural-context/
5 Insights on Relationships from the Past Two Years,"July 30, 2021",https://newbreak.church/5-insights-on-relationships/
Community > Individualism,"July 23, 2021",https://newbreak.church/community-individualism/
Reframing the Question We Ask Every Kid,"July 15, 2021",https://newbreak.church/reframing-the-question/
The Power of Prepositions,"July 9, 2021",https://newbreak.church/the-power-of-prepositions/
The Scientific Benefits of Gratitude,"July 2, 2021",https://newbreak.church/the-scientific-benefits-of-gratitude/
The Small Shift that Can Make a Big Difference for Your Kids,"June 17, 2021",https://newbreak.church/small-shift-big-difference/
The Secret Ingredient of Endurance,"June 10, 2021",https://newbreak.church/the-secret-ingredient-of-endurance/
Learning Leadership Lessons from Rabbi Jesus,"June 4, 2021",https://newbreak.church/leadership-lessons-from-jesus/
What If We Miss How God Wants Us to Prosper?,"May 27, 2021",https://newbreak.church/when-prospering-looks-different/
Be All That You Can Be,"May 22, 2021",https://newbreak.church/be-all-that-you-can-be/
Why Jesus Cares So Much About Our “Eyes”,"May 14, 2021",https://newbreak.church/evil-eye/
3 Things I Wish I Knew as a Newer Mom,"May 8, 2021",https://newbreak.church/newer-mom/
Have You Considered the Flowers?,"May 1, 2021",https://newbreak.church/have-you-considered-the-flowers/
How You Are Free From Sin,"April 24, 2021",https://newbreak.church/how-you-are-free-from-sin/
Matthew 20: A Lesson on How to Read the Parables of Jesus,"April 17, 2021",https://newbreak.church/matthew-20-a-lesson-on-how-to-read-the-parables-of-jesus/
Newbreak Church is providing clean water for the entire Namosi province of Fiji.,"April 16, 2021",https://newbreak.church/newbreak-church-is-providing-clean-water-for-the-entire-namosi-province-of-fiji/
From Spending to Investing: Changing the Way We See Time,"March 27, 2021",https://newbreak.church/from-spending-to-investing-changing-the-way-we-see-time/
Why Do I Need the Holy Spirit to Talk About Jesus?,"March 20, 2021",https://newbreak.church/why-do-i-need-the-holy-spirit-to-talk-about-jesus/
When the Ink of Scripture Spills Over Into Our Lives,"March 13, 2021",https://newbreak.church/god-stories-are-happening-all-the-time/
We Are Called to Be Storytellers!,"March 6, 2021",https://newbreak.church/we-are-storytellers/
Kingdom Builders Funds People and Projects Around the World,"March 4, 2021",https://newbreak.church/kingdom-builders-funds-people-and-projects-around-the-world/
What It Means to “Honor” One Another,"February 27, 2021",https://newbreak.church/what-it-means-to-honor-one-another/
"Leading Your Home Around Personalized, Christ-Centered Values","February 19, 2021",https://newbreak.church/leading-your-home-around-values/
Give Clean Water and Kingdom Builders,"February 19, 2021",https://newbreak.church/give-clean-water-and-kingdom-builders/
Eden Was Just the Beginning of God’s Plan,"February 12, 2021",https://newbreak.church/eden-was-just-the-beginning/
It’s More Than a Water Project… It’s a People Project!,"February 6, 2021",https://newbreak.church/its-more-than-a-water-project-its-a-people-project/
Waltzing Our Way into More Spiritual Fruit,"January 28, 2021",https://newbreak.church/fruit-of-the-spirit/
The Power of Memorizing Scripture,"January 19, 2021",https://newbreak.church/memorizing-scripture/
Why Sabbath is Way More Powerful Than a “Day Off”,"January 14, 2021",https://newbreak.church/sabbath/
We are Committed to Ocean Beach,"January 11, 2021",https://newbreak.church/we-are-committed-to-ocean-beach/
How is the Pace of Your Life?,"January 10, 2021",https://newbreak.church/how-is-the-pace-of-your-life/
Setting Some Spiritual Goals for 2021,"January 3, 2021",https://newbreak.church/setting-some-spiritual-goals-for-2021/
How Memory Cultivates Courage,"December 27, 2020",https://newbreak.church/how-memory-cultivates-courage/
"“Prince of Peace,” A Perplexing Title For Jesus","December 20, 2020",https://newbreak.church/sar-shalom-a-perplexing-title-for-jesus/
Disrupting Our Distractions This Christmas,"December 13, 2020",https://newbreak.church/disrupting-our-distractions-this-christmas/
How to Create a Lasting Legacy,"December 11, 2020",https://newbreak.church/how-to-create-a-lasting-legacy/
Who Was the Real St. Nick?,"December 6, 2020",https://newbreak.church/who-was-the-real-st-nick/
"Christmas, Typology, and Binding the Bible Together","November 29, 2020",https://newbreak.church/jesus-typology-and-binding-the-bible-together/
How Will They Hear If No One is Sent?,"November 22, 2020",https://newbreak.church/how-will-they-hear-if-no-one-is-sent/
Looking Backward for Confidence to Move Forward with Courage,"November 15, 2020",https://newbreak.church/looking-backward-for-confidence-to-move-forward-with-courage/
Regardless of Who You Voted For…,"November 8, 2020",https://newbreak.church/whose-faithfulness-do-you-have-faith-in/
Trusting God with the Blank Spaces,"November 1, 2020",https://newbreak.church/trusting-god-with-the-blank-spaces/
What Causes Disunity Among Christians?,"October 25, 2020",https://newbreak.church/what-causes-disunity-among-christians/
The Difference Between Forgiveness and Trust,"October 18, 2020",https://newbreak.church/the-difference-between-forgiveness-and-trust/
Should I Pray for the Desires of My Heart?,"October 11, 2020",https://newbreak.church/should-i-pray-for-the-desires-of-my-heart/
Why Prayer is So Much More Than Wish Lists,"October 4, 2020",https://newbreak.church/why-prayer-is-so-more-than-wish-lists/
What is the Kingdom of God?,"September 27, 2020",https://newbreak.church/what-is-the-kingdom-of-god/
If You Could Pray Like Elijah…,"September 20, 2020",https://newbreak.church/if-you-could-pray-like-elijah/
The Key Ingredient That De-escalates Conflict,"September 13, 2020",https://newbreak.church/the-key-ingredient-that-deescalates-conflict/
What’s Guarding Your Mouth?,"September 6, 2020",https://newbreak.church/whats-guarding-your-mouth/
How Faith and Works Complete Each Other,"August 31, 2020",https://newbreak.church/how-paul-and-james-complement-each-other/
The Secret to the Early Church’s Explosive Growth (It’s Not What You Think!),"August 23, 2020",https://newbreak.church/early-church-growth/
How to Make Sure Each Sermon You Listen to Makes a Lasting Impact!,"August 16, 2020",https://newbreak.church/how-to-get-the-most-out-of-each-weeks-sermon/
The Danger of Being “Double-Minded”,"August 9, 2020",https://newbreak.church/the-danger-of-being-double-minded/
What Does it Mean to “Fear the LORD”?,"August 2, 2020",https://newbreak.church/what-does-it-mean-to-fear-the-lord/
What Does it Mean to “Meditate on Scripture”?,"July 26, 2020",https://newbreak.church/meditation/
From Spiritual “Disciplines” to Spiritual “Delights”,"July 19, 2020",https://newbreak.church/from-spiritual-disciplines-to-spiritual-delights/
How Stargazing Connects Us with God,"July 12, 2020",https://newbreak.church/how-stargazing-connects-us-with-god/
“Theology”: The Art of Knowing the One Who Knows You,"July 5, 2020",https://newbreak.church/theology-and-the-art-of-knowing-the-one-who-knows-you/
Jesus is Your Shepherd: It’s More Practical Than You Might Think!,"June 29, 2020",https://newbreak.church/jesus-is-your-shepherd-its-more-practical-than-you-think/
Planted and Flourishing – How You Can Relate to Fruit Trees!,"June 21, 2020",https://newbreak.church/planted-and-flourishing/
Unconditional Love Or Unconditional Approval?,"June 14, 2020",https://newbreak.church/unconditional-love-or-unconditional-approval/
Pulling Planks: How to Judge Others According to Jesus,"June 7, 2020",https://newbreak.church/pulling-planks-how-to-judge-others-according-to-jesus/
How Repentance is Like a GPS,"May 31, 2020",https://newbreak.church/how-repentance-is-like-a-gps/
Putting the “Shelter” into “Shelter-in-Place”,"May 24, 2020",https://newbreak.church/putting-the-shelter-into-shelter-in-place/
When Attenders Become Contenders,"May 15, 2020",https://newbreak.church/when-church-attenders-become-contenders/
How Do I Overcome Recurring Negative Thoughts?,"May 8, 2020",https://newbreak.church/how-do-i-overcome-recurring-negative-thoughts/
Can’t Sleep? Try This (It’s Better Than Counting Sheep!),"May 4, 2020",https://newbreak.church/cant-sleep-try-this-its-better-than-counting-sheep/
He Guards You Even While You Sleep,"April 24, 2020",https://newbreak.church/he-guards-you-even-while-you-sleep/
In Times of Need Who Do You Call? (And Don’t Say “Ghost Busters”),"April 17, 2020",https://newbreak.church/in-times-of-need-who-do-you-call-and-dont-say-ghost-busters/
How Easter Speaks to the Problem of Suffering,"April 10, 2020",https://newbreak.church/how-easter-speaks-to-the-problem-of-suffering/
How Can God’s Heart Break?,"April 3, 2020",https://newbreak.church/how-can-gods-heart-break/
Legacy-Defining Moments Occur During Hardship,"March 30, 2020",https://newbreak.church/legacy-defining-moments-occur-during-hardship/
Leading Your Home While Social Distancing,"March 24, 2020",https://newbreak.church/leading-your-home-amidst-the-required-social-distancing/
How Can I Be The Church During A Crisis?,"March 16, 2020",https://newbreak.church/how-can-i-be-the-church-during-a-crisis/
"Suffering is Tough, But We Are Too!","March 7, 2020",https://newbreak.church/suffering/
What Is Lent And What Am I Supposed To Do?,"March 2, 2020",https://newbreak.church/what-is-lent/
Collaborating Together Despite Our Differences,"February 24, 2020",https://newbreak.church/collaborating-together-despite-our-differences/
Jesus’ Advice on Resolving Conflict,"February 11, 2020",https://newbreak.church/jesus-advice-on-resolving-conflict/
Better Communication At Home,"February 10, 2020",https://newbreak.church/better-communication-at-home/
Healthy Relationships – How Much Connection Is Enough?,"January 31, 2020",https://newbreak.church/healthy-relationships-how-much-connection-is-enough/
How Am I A Witness 2000 Years After The Fact?,"January 25, 2020",https://newbreak.church/how-am-i-a-witness-2000-years-after-the-fact/
How Pentecost Lights a Fire in the Disciples,"January 20, 2020",https://newbreak.church/how-pentecost-lights-a-fire-in-the-disciples-witness/
What Makes the Difference in How We Process the Past?,"January 13, 2020",https://newbreak.church/what-makes-the-difference-in-how-we-process-the-past/
New Beginnings In An Ongoing Story,"January 6, 2020",https://newbreak.church/new-beginnings-in-an-ongoing-story/
